{
  "results": {
    "ga100": {
      "family": "Nvidia",
      "partition_areas": {
        "0": 83.58000183105469,
        "1": 138.1800079345703,
        "2": 62.63999557495117,
        "3": 62.63999557495117,
        "4": 62.63999557495117,
        "5": 133.53001403808594,
        "6": 101.0999984741211,
        "7": 62.63999557495117,
        "8": 62.63999557495117,
        "9": 74.8499984741211
      },
      "partition_assignment": [
        2,
        2,
        2,
        2,
        2,
        2,
        6,
        6,
        6,
        6,
        6,
        6,
        6,
        6,
        6,
        6,
        6,
        6,
        3,
        3,
        3,
        3,
        3,
        3,
        3,
        3,
        3,
        3,
        3,
        3,
        3,
        3,
        3,
        3,
        3,
        3,
        7,
        7,
        7,
        7,
        7,
        7,
        7,
        7,
        7,
        7,
        7,
        7,
        7,
        7,
        7,
        7,
        7,
        7,
        4,
        4,
        4,
        4,
        4,
        4,
        4,
        4,
        4,
        4,
        4,
        4,
        4,
        4,
        4,
        4,
        4,
        4,
        2,
        2,
        2,
        2,
        2,
        2,
        2,
        2,
        2,
        2,
        2,
        2,
        9,
        9,
        9,
        9,
        9,
        9,
        9,
        9,
        9,
        9,
        9,
        9,
        9,
        9,
        9,
        8,
        8,
        8,
        8,
        8,
        8,
        8,
        8,
        8,
        8,
        8,
        8,
        8,
        8,
        8,
        8,
        8,
        8,
        0,
        0,
        0,
        0,
        0,
        0,
        0,
        0,
        0,
        0,
        0,
        5,
        5,
        9,
        9,
        9,
        5,
        1,
        1,
        1,
        1,
        1,
        1,
        1,
        1,
        1,
        1,
        1,
        1,
        1,
        1,
        0,
        5,
        5,
        0,
        0,
        0,
        0,
        0,
        5,
        5,
        5,
        5,
        5,
        5,
        5,
        5,
        5,
        5,
        5,
        5,
        5,
        6,
        6,
        6,
        6,
        6,
        6,
        1,
        1,
        1,
        1
      ]
    }
  }
}